{"numOpenRods": 2, "numClosedRods": 1, "numSprings": 8, "YoungModulus": [40000.0, 40000.0, 40000.0], "crossSection": [0.5, 0.5, 1.0], "rodRestLengths": [[24.718756310340538, 25.470981232963915, 25.470981232963915, 24.718756310340538], [19.56637552971934, 19.788089946480433, 20.08433375867868, 20.469681725908686, 20.469681725908686, 20.08433375867868, 19.788089946480433, 19.56637552971934], [41.973333428380464, 53.36821850521149, 67.09001508123247, 78.23152326172615, 78.23152326172615, 67.09001508123247, 53.36821850521149, 41.973333428380464, 41.973333428380464, 53.36821850521149, 67.09001508123247, 78.23152326172615, 78.23152326172615, 67.09001508123247, 53.36821850521149, 41.973333428380464, 41.973333428380464]], "restPoints": [[[48.9491, 7.8082, 0.0], [25.342399999999998, 15.139, 0.0], [-0.0, 17.6951, 0.0], [-25.342399999999998, 15.139, 0.0], [-48.9491, 7.8082, 0.0]], [[-77.8356, 14.1146, 0.0], [-59.462, 7.387499999999999, 0.0], [-40.2978, 2.4577999999999998, 0.0], [-20.4436, -0.5739, 0.0], [0.0, -1.6069, 0.0], [20.4436, -0.5739, 0.0], [40.2978, 2.4577999999999998, 0.0], [59.462, 7.387499999999999, 0.0], [77.8356, 14.1146, 0.0]], [[200.0, 0.0, 0.0], [184.27849999999998, 38.9178, 0.0], [141.4094, 70.7047, 0.0], [77.8356, 92.1393, 0.0], [0.0, 100.0, 0.0], [-77.8356, 92.1393, 0.0], [-141.4094, 70.7047, 0.0], [-184.27849999999998, 38.9178, 0.0], [-200.0, 0.0, 0.0], [-184.27849999999998, -38.9178, 0.0], [-141.4094, -70.7047, 0.0], [-77.8356, -92.1393, 0.0], [0.0, -100.0, 0.0], [77.8356, -92.1393, 0.0], [141.4094, -70.7047, 0.0], [184.27849999999998, -38.9178, 0.0], [200.0, 0.0, 0.0], [184.27849999999998, 38.9178, 0.0]]], "restDirectors": [[[[-0.2965683187278044, -0.9550116398908253, 0.0], [0.0, 0.0, 1.0]], [[-0.10035341695795993, -0.9949518539632265, 0.0], [0.0, 0.0, 0.9999999999999999]], [[0.10035341695795993, -0.9949518539632265, 0.0], [0.0, 0.0, 0.9999999999999999]], [[0.29656831872780437, -0.955011639890825, 0.0], [0.0, 0.0, 0.9999999999999998]]], [[[0.3438092042024961, 0.9390395258484312, -0.0], [0.0, 0.0, 1.0]], [[0.24912460036987102, 0.9684714417526996, -0.0], [0.0, 0.0, 1.0000000000000002]], [[0.1509484972928199, 0.9885416284431525, -0.0], [0.0, 0.0, 1.0000000000000002]], [[0.050464878439830434, 0.9987258362754283, -0.0], [0.0, 0.0, 1.0000000000000002]], [[-0.050464878439830434, 0.9987258362754283, 0.0], [0.0, 0.0, 1.0000000000000002]], [[-0.1509484972928199, 0.9885416284431525, 0.0], [0.0, 0.0, 1.0000000000000002]], [[-0.24912460036987102, 0.9684714417526996, 0.0], [0.0, 0.0, 1.0000000000000002]], [[-0.3438092042024963, 0.9390395258484316, 0.0], [0.0, 0.0, 1.0000000000000004]]], [[[-0.9272029839232533, -0.37455924311624617, 0.0], [0.0, 0.0, 1.0]], [[-0.5956147851721143, -0.8032702083884201, 0.0], [0.0, 0.0, 0.9999999999999999]], [[-0.3194901651765472, -0.9475895917302294, 0.0], [0.0, 0.0, 1.0]], [[-0.10047995580632837, -0.994939082799122, 0.0], [0.0, 0.0, 1.0]], [[0.10047995580632836, -0.9949390827991219, 0.0], [0.0, 0.0, 0.9999999999999999]], [[0.3194901651765472, -0.9475895917302294, 0.0], [0.0, 0.0, 1.0]], [[0.5956147851721145, -0.8032702083884204, 0.0], [0.0, 0.0, 1.0000000000000002]], [[0.9272029839232535, -0.3745592431162462, 0.0], [0.0, 0.0, 1.0000000000000002]], [[0.9272029839232533, 0.37455924311624617, -0.0], [0.0, 0.0, 1.0]], [[0.5956147851721143, 0.8032702083884201, -0.0], [0.0, 0.0, 0.9999999999999999]], [[0.3194901651765472, 0.9475895917302294, -0.0], [0.0, 0.0, 1.0]], [[0.10047995580632837, 0.994939082799122, -0.0], [0.0, 0.0, 1.0]], [[-0.10047995580632836, 0.9949390827991219, 0.0], [0.0, 0.0, 0.9999999999999999]], [[-0.3194901651765472, 0.9475895917302294, 0.0], [0.0, 0.0, 1.0]], [[-0.5956147851721145, 0.8032702083884204, 0.0], [0.0, 0.0, 1.0000000000000002]], [[-0.9272029839232535, 0.3745592431162462, 0.0], [0.0, 0.0, 1.0000000000000002]], [[-0.9272029839232533, -0.37455924311624617, 0.0], [0.0, 0.0, 1.0]]]], "defoVars": [48.88125163971887, 7.546385190372142, 0.0, 25.208086459205933, 14.660410435398317, 0.0, 0.023279483678397696, 18.46902005331299, 0.0, -25.172439720089415, 14.733289214293487, 0.0, -48.86587326963942, 7.687066330097513, 0.0, 0.0, 0.0, 0.0, 0.0, -77.40693469171663, 14.481551834693988, 0.0, -58.937419313882415, 8.022307618082149, 0.0, -40.01097791510252, 2.246501546420092, 0.0, -20.383848118036006, -2.0146553143407417, 0.0, 0.00956851467263628, -3.7801476597083044, 0.0, 20.40089540864227, -1.9906771620425672, 0.0, 40.02305889427773, 2.2932922104546085, 0.0, 58.942859612626954, 8.090815105342463, 0.0, 77.40500863450117, 14.571085041513184, 0.0, 0.0, 0.0, 0.0, 0.0, 0.0, 0.0, 0.0, 0.0, 196.6974652415366, 0.28746045508838275, 0.0, 183.68263943777285, 40.189697166235305, 0.0, 141.01849499973136, 72.2481824982765, 0.0, 77.94343331398692, 95.10833282552142, 0.0, 0.03169395669044174, 102.17403374791938, 0.0, -77.87739434391048, 95.07915934658753, 0.0, -140.96682279051905, 72.25868486558669, 0.0, -183.69820666044313, 40.289886087975994, 0.0, -196.76325159676188, 0.4040738097842485, 0.0, -183.48759838892124, -39.412143613492525, 0.0, -140.69788982090915, -71.30286615343087, 0.0, -77.77281061072368, -94.57277527700523, 0.0, -0.03280291886512255, -103.32773341652886, 0.0, 77.72025741360086, -94.68946671730758, 0.0, 140.65866923791967, -71.45564565014038, 0.0, 183.42127971191957, -39.5285891095382, 0.0, 0.0, 0.0, 0.0, 0.0, 0.0, 0.0, 0.0, 0.0, 0.0, 0.0, 0.0, 0.0, 0.0, 0.0, 0.0, 0.0, 0.0], "sourceTangents": [[[-0.9576917256149232, 0.2877960366104971, 0.0], [-0.9887577412520528, 0.14952634923028923, 0.0], [-0.9891862009063771, -0.14666512856302535, 0.0], [-0.9585117199861518, -0.2850531225038398, 0.0]], [[0.9439393794091817, -0.33011883920886576, 0.0], [0.9564542304886722, -0.2918823478395395, 0.0], [0.9772343144986761, -0.21216289629975957, 0.0], [0.9962736050856384, -0.08624908005112543, 0.0], [0.9961715014483106, 0.08742047644698936, 0.0], [0.9769870279518699, 0.2132987276421782, 0.0], [0.9561186278169576, 0.2929798108085578, 0.0], [0.9435628866123049, 0.3311934163111556, 0.0]], [[-0.3100900928070259, 0.9507071759185002, 0.0], [-0.7994566162767578, 0.6007238289691168, 0.0], [-0.9401578379829855, 0.3407392546789382, 0.0], [-0.9959129882190488, 0.09031788248516937, 0.0], [-0.9958790989729321, -0.0906907946202983, 0.0], [-0.9403719635656448, -0.34014786511118, 0.0], [-0.8007166355854843, -0.5990432951771204, 0.0], [-0.3112866770234354, -0.9503160551667574, 0.0], [0.31630454779706585, -0.9486577006712662, 0.0], [0.8018092526674926, -0.5975800551698467, 0.0], [0.9379218351868269, -0.3468466967981307, 0.0], [0.9937182344065849, -0.11191099413310311, 0.0], [0.9938850845711695, 0.11041937632027819, 0.0], [0.9381205773628871, 0.3463087962040867, 0.0], [0.8013014152755155, 0.5982608476889121, 0.0], [0.3163171619716769, 0.9486534947187955, 0.0], [-0.3100900928070259, 0.9507071759185002, 0.0]]],